chrom,start,end,mean,median
chr1,521368,41850000,0.15296255,0.16208267
chr1,41850000,50900000,0.0012779646,0.021801949
chr1,50900000,118100000,0.018325603,0.038855553
chr1,118100000,159750000,0.123025775,0.11049414
chr1,159750000,190400000,0.009991154,0.028141022
chr1,190400000,203150000,-0.18253197,-0.15622234
chr1,203150000,205300000,0.64573705,0.8755603
chr1,205300000,209600000,-0.1961973,-0.160573
chr1,209600000,217300000,-0.097929515,-0.06508541
chr1,217300000,218550000,-0.16942553,-0.117547035
chr1,218550000,249240621,-0.080162935,-0.05687666
chr2,10000,4200000,-0.06731294,-0.047953606
chr2,4200000,145300000,-0.12962851,-0.097990036
chr2,145300000,190650000,-0.03332696,-0.011744022
chr2,190650000,243102476,0.020553928,0.040959835
chr3,60000,6900000,-0.32052013,-0.30025482
chr3,6900000,40550000,0.036959276,0.046948433
chr3,40550000,49500000,0.30471885,0.300704
chr3,49500000,51400000,-0.04024477,-0.038175583
chr3,51400000,57700000,0.23598278,0.2511797
chr3,57700000,59600000,-0.120612435,-0.09337711
chr3,59600000,90504854,0.33561707,0.34087563
chr3,93504854,123350000,-0.42339373,-0.39085293
chr3,123350000,152900000,0.0631556,0.07355976
chr3,152900000,162050000,-0.42090622,-0.39366388
chr3,162050000,170650000,-0.1945185,-0.13513565
chr3,170650000,174100000,0.1452327,0.16022587
chr3,174100000,187500000,0.32763785,0.3225355
chr3,187500000,197962430,-0.32316262,-0.30609274
chr4,10000,148600000,0.14792182,0.15819168
chr4,148600000,154750000,0.3476804,0.32633018
chr4,154750000,160300000,0.11609035,0.118899345
chr4,160300000,183100000,-0.39873204,-0.373765
chr4,183100000,191044276,0.20869225,0.20554066
chr5,10000,1700000,0.056855507,0.08157444
chr5,1700000,139200000,0.0153233595,0.03461647
chr5,139200000,140000000,0.14845908,0.15051746
chr5,140000000,145200000,0.22774395,0.2439909
chr5,145200000,180905260,0.14981405,0.15028572
chr6,60000,24100000,-0.36878344,-0.3314247
chr6,24100000,158900000,-0.41705674,-0.36932373
chr6,158900000,171055067,-0.33973578,-0.31973457
chr7,10000,5600000,0.16510187,0.18550014
chr7,5600000,99650000,0.23730451,0.24014473
chr7,99650000,101050000,0.18249549,0.2048502
chr7,101050000,106500000,-0.011220063,0.029971123
chr7,106500000,130400000,-0.06757509,-0.03593254
chr7,130400000,132300000,0.03436549,0.067383766
chr7,132300000,138800000,0.29380572,0.28525496
chr7,138800000,156700000,0.21028295,0.22139311
chr7,156700000,159128663,0.27346203,0.27256727
chr8,10000,13150000,0.027262557,0.024115086
chr8,13150000,126450000,-0.04197961,-0.015091419
chr8,126450000,146304022,0.00430975,0.022803307
chr9,10000,38400000,-0.5736182,-0.5321169
chr9,38400000,71300000,-0.19975474,-0.12847328
chr9,71300000,136050000,-0.39168575,-0.36262465
chr9,136050000,141153431,-0.31488296,-0.27154303
chr10,60000,13650000,-0.27136812,-0.2433939
chr10,13650000,32250000,-0.34401202,-0.3160944
chr10,32250000,60150000,-0.27613333,-0.24115753
chr10,60150000,135524747,-0.16843411,-0.15023327
chr11,60000,2100000,0.16045819,0.17506218
chr11,2100000,3250000,0.09970187,0.10327816
chr11,3250000,3850000,0.19306028,0.18755102
chr11,3850000,6400000,0.32446226,0.30619144
chr11,6400000,6900000,0.13038902,0.15184021
chr11,6900000,46450000,0.11141973,0.117619514
chr11,46450000,134946516,0.13608134,0.14610624
chr12,145739,69000000,0.1475563,0.15496445
chr12,69000000,133841895,0.028193086,0.048736572
chr13,19020000,53800000,0.16897273,0.17006397
chr13,53800000,68650000,0.09790383,0.13305092
chr13,68650000,76450000,-0.27406046,-0.27766466
chr13,76450000,92100000,0.053118646,0.09270811
chr13,92100000,115109878,0.1690274,0.16638279
chr14,19000000,76800000,-0.49120113,-0.4584608
chr14,76800000,98050000,-0.35820746,-0.32288456
chr14,98050000,107289540,-0.29919314,-0.25488853
chr15,20000000,102521392,-0.021994151,-0.001627922
chr16,60000,3150000,0.16159034,0.1713686
chr16,3150000,3950000,0.21682756,0.2111764
chr16,3950000,4900000,0.38930014,0.3839965
chr16,4900000,29300000,0.18437067,0.18591213
chr16,29300000,30800000,0.2866607,0.3029518
chr16,30800000,31900000,0.14712134,0.16219568
chr16,31900000,34400000,0.26570076,0.28374386
chr16,34400000,90294753,0.16950405,0.17424202
chr17,0,42750000,0.15882133,0.1614027
chr17,42750000,71250000,0.0030492898,0.022170544
chr17,71250000,71750000,0.20684236,0.20007133
chr17,71750000,72700000,0.023163915,0.058172226
chr17,72700000,73250000,0.22722143,0.25380325
chr17,73250000,80500000,0.035007782,0.05218029
chr17,80500000,81195210,0.07341475,0.09867859
chr18,10000,78017248,-0.0024040092,0.020467758
chr19,60000,12700000,0.062221285,0.07980585
chr19,12700000,36650000,0.0099049285,0.038916588
chr19,36650000,44250000,0.052367672,0.06489563
chr19,44250000,45700000,0.16427527,0.21289301
chr19,45700000,59118983,0.04596166,0.06070137
chr20,60000,62965520,0.08753364,0.10035515
chr21,10697896,48119895,0.21411273,0.2140398
chr22,16050000,51244566,0.14393397,0.14618492
chrX,2118238,155260560,0.0167796,0.007549286
chrY,2068238,28819361,3.0656583,2.974918
